eName,isPlanet,semimajorAxis,perihelion,aphelion,eccentricity,inclination,density,gravity,escape,meanRadius,equaRadius,polarRadius,flattening,dimension,sideralOrbit,sideralRotation,discoveryDate,mass_kg,volume,orbit_type,orbits,bondAlbido,geomAlbido,RV_abs,p_transit,transit_visibility,transit_depth,massj,semimajorAxis_AU,grav_int
Moon,FALSE,384400,363300,405500,00549,5145,3344,162,2380,33,17381,1736,00012,NA,273217,655728,NA,735e20,21968000000,Secondary,Earth,NA,NA,NA,1811589490114464,32608610822060353,22458600958155087e-9,38684210526315786e-5,00025695552897999907,6606323854573963e10
Phobos,FALSE,9376,9234,9518,00151,1075,19,00057,1139,33,13,91,0,268 x 224 x 184,031891,07653,12/08/1877,106e14,578361,Secondary,Mars,NA,NA,NA,742720776450512,13368973976109215,22458600958155087e-9,5578947368421052e-12,6267468885838895e-5,16014373256386214e6
Deimos,FALSE,23458,23456,23471,2e-4,1075,175,0003,5556,33,78,51,0,150 x 12 x 104,126244,3029856,12/08/1877,24e14,99978,Secondary,Mars,NA,NA,NA,296860346150567,5343486230710206,22458600958155087e-9,1263157894736842e-12,15680704471417322e-4,5792533532210834e5
Io,FALSE,421800,0,0,0004,0036,353,179,0,18215,0,0,0,NA,176914,424593,07/01/1610,893e20,NA,Secondary,Jupiter,NA,NA,NA,16552003319108581,29793605974395444,68424742246902275e-6,47e-5,00028195588481728304,6666188450185605e10
Europa,FALSE,671100,0,0,0009,0466,301,131,0,15608,0,0,0,NA,355118,852293,08/01/1610,48e21,NA,Secondary,Jupiter,NA,NA,NA,10399386082551036,18718894948591867,5023996541162752e-6,2526315789473684e-5,0004486026417754354,1415487499855953e10
Ganymede,FALSE,1070400,0,0,0001,0177,194,1428,0,26312,0,0,0,NA,715455,1717093,11/01/1610,14799999999999999e+023,NA,Secondary,Jupiter,NA,NA,NA,06530018684603885,11754033632286993,14277840954737939e-5,7789473684210526e-5,0007155182055676145,17155713830070088e9
Callisto,FALSE,1882700,0,0,0007,0192,183,1235,0,24103,0,0,0,NA,1668902,400536,07/01/1610,10800000000000001e+023,NA,Secondary,Jupiter,NA,NA,NA,03711437297498274,6680587135496893,11981109034281005e-5,5684210526315789e-5,0012585072175094802,4046697946474468e9
Amalthea,FALSE,181400,181150,182840,0003,038,31,002,0,84,0,0,0,125 x 73 x 64,049818,119563,09/09/1892,75e17,NA,Secondary,Jupiter,NA,NA,NA,3839173098125689,6910511576626241,14551688554705443e-8,3947368421052631e-9,0001212584103979496,30270944837956404e6
Himalia,FALSE,11461000,9782900,13082000,0162,275,1,0062,0,85,0,0,0,NA,2505662,77808,03/12/1904,95e17,NA,Secondary,Jupiter,NA,NA,NA,0060764941977139865,10937689555885175,1490021964395505e-8,5e-9,007661205300831866,960545316898533e4
Elara,FALSE,11741000,0,0,0217,2663,1,0031,0,40,0,0,0,NA,2596528,0,02/01/1905,8e17,NA,Secondary,Jupiter,NA,NA,NA,00593119836470488,10676157056468785,3299702620114613e-9,42105263157894736e-10,007848373740255382,770759860780489500
Pasiphae,FALSE,23624000,0,0,0409,1514,1,0022,0,18,0,0,0,NA,7436,0,27/01/1908,3e17,NA,Secondary,Jupiter,NA,NA,NA,0029476803250931258,5305824585167627,6681897805732091e-10,15789473684210526e-10,015791668617646976,71392676769559070
Sinope,FALSE,23939000,0,0,025,1581,1,0014,0,14,0,0,0,NA,7589,0,21/07/1914,8e16,NA,Secondary,Jupiter,NA,NA,NA,002908876728351226,5235978111032207,4042135709640401e-10,4210526315789473e-11,016002233111998432,18540321305986716
Lysithea,FALSE,11717000,0,0,0112,283,1,0013,0,12,0,0,0,NA,25922,0,06/07/1938,8e16,NA,Secondary,Jupiter,NA,NA,NA,005943108304173423,10697594947512162,29697323581031517e-10,4210526315789473e-11,007832330731161938,77392059845774380
Carme,FALSE,23404000,0,0,0253,1649,1,0017,0,15,0,0,0,NA,7342,0,30/07/1938,1e17,NA,Secondary,Jupiter,NA,NA,NA,002975376004101863,5355676807383354,46402068095361744e-10,5263157894736842e-11,015644607700957072,24247060709843932
Ananke,FALSE,21276000,0,0,0244,1489,1,001,0,10,0,0,0,NA,6298,0,28/09/1951,4e16,NA,Secondary,Jupiter,NA,NA,NA,0032729460424891894,5891302876480541,20623141375716332e-10,21052631578947366e-11,014222127561338346,11735978541597322
Leda,FALSE,11165000,0,0,0164,2746,1,00073,0,5,0,0,0,NA,24092,0,11/09/1974,6e17,NA,Secondary,Jupiter,NA,NA,NA,0062368741603224365,11226373488580386,5155785343929083e-11,3157894736842105e-10,00746334152201272,639253440785321500
Thebe,FALSE,221900,218000,226000,0018,108,1,002,0,49,0,0,0,58 x 49 x 42,06745,16188,05/03/1979,8e17,NA,Secondary,Jupiter,NA,NA,NA,3138310049571879,5648958089229383,49516162443094916e-9,42105263157894736e-10,00014833098824313681,21578172532235732e5
Adrastea,FALSE,129000,0,0,0002,0054,1,0002,0,8,0,0,0,10 x 8 x 7,029826,07158,08/07/1979,2e15,NA,Secondary,Jupiter,NA,NA,NA,5398062015503876,9716511627906976,1319881048045845e-10,10526315789473683e-12,8623117387726295e-4,15962093624181238e3
Metis,FALSE,128000,127974,128026,0001,0019,1,0005,0,22,0,0,0,30 x 20 x 17,029478,07075,04/03/1979,1e17,NA,Secondary,Jupiter,NA,NA,NA,544034375,979261875,9981600425846705e-10,5263157894736842e-11,8556271516503611e-4,8106237792968749e5
Callirrhoe,FALSE,24102000,0,0,0283,1471,1,00031,0,4,0,0,0,NA,7588,0,06/10/1999,870000000000000,NA,Secondary,Jupiter,NA,NA,NA,002889162725085055,52004929051531,3299702620114613e-11,4578947368421052e-13,016111191882091408,19890805335311812
Themisto,FALSE,7507000,5909000,8874300,0242,4308,1,00029,0,4,0,0,0,NA,13002,0,30/09/1975,690000000000000,NA,Secondary,Jupiter,NA,NA,NA,009275955774610363,16696720394298655,3299702620114613e-11,3631578947368421e-13,005018119552686923,1626131032199085
Megaclite,FALSE,14146700,0,0,0421,1528,1,0,0,27,0,0,0,NA,7528,0,23/11/2000,210000000000000,NA,Secondary,Jupiter,NA,NA,NA,004922311917266924,8860161451080463,1503427006289721e-11,11052631578947368e-13,009456484864259503,13936325646146195
Taygete,FALSE,23363000,0,0,0252,1652,1,0,0,25,0,0,0,NA,7322,0,23/11/2000,160000000000000,NA,Secondary,Jupiter,NA,NA,NA,0029805440225998372,5364979240679707,12889463359822707e-11,8421052631578947e-14,01561720089375577,38931581249098195
Chaldene,FALSE,23179000,0,0,0251,1652,1,0,0,19,0,0,0,NA,7238,0,23/11/2000,75000000000000,NA,Secondary,Jupiter,NA,NA,NA,0030042016480434877,5407562966478278,7444954036633596e-12,39473684210526314e-14,015494204490706032,18540060677313492
Harpalyke,FALSE,21104000,0,0,0226,1486,1,0,0,22,0,0,0,NA,6233,0,23/11/2000,120000000000000,NA,Secondary,Jupiter,NA,NA,NA,003299583965125095,593925113722517,9981600425846706e-12,631578947368421e-14,01410715266283533,3578417164771483
Kalyke,FALSE,23564000,0,0,0245,1652,1,0,0,26,0,0,0,NA,743,0,23/11/2000,190000000000000,NA,Secondary,Jupiter,NA,NA,NA,002955120522831438,5319216941096588,1394124356998424e-11,9999999999999999e-14,015751561094913366,45445914968415195
Iocaste,FALSE,21272000,0,0,0216,1494,1,0,0,26,0,0,0,NA,6315,0,23/11/2000,190000000000000,NA,Secondary,Jupiter,NA,NA,NA,003273526701767582,5892348063181647,1394124356998424e-11,9999999999999999e-14,01421945372648944,5576686502983403
Erinome,FALSE,23283000,0,0,0266,1649,1,0,0,16,0,0,0,NA,7283,0,23/11/2000,45000000000000,NA,Secondary,Jupiter,NA,NA,NA,002990781256710905,5383406262079629,5279524192183382e-12,23684210526315787e-14,015563724196777623,11024881144711062
Isonoe,FALSE,23231000,0,0,0246,1652,1,0,0,19,0,0,0,NA,7255,0,23/11/2000,75000000000000,NA,Secondary,Jupiter,NA,NA,NA,002997477078042271,5395458740476088,7444954036633596e-12,39473684210526314e-14,015528964343741827,18457153858066473
Praxidike,FALSE,21148000,0,0,023,149,1,0,0,34,0,0,0,NA,6253,0,23/11/2000,430000000000000,NA,Secondary,Jupiter,NA,NA,NA,0032927246075278985,5926904293550217,23840351430328074e-11,2263157894736842e-13,01413656484617331,12769359995927358
Autonoe,FALSE,24033000,0,0,0334,1529,1,00015,0,2,0,0,0,NA,7154,0,10/12/2001,90000000000000,NA,Secondary,Jupiter,NA,NA,NA,0028974493404901595,5215408812882287,8249256550286532e-12,47368421052631573e-14,016065068230947757,20695018323092477
Thyone,FALSE,21192000,0,0,0229,1485,1,00015,0,2,0,0,0,NA,6273,0,11/12/2001,90000000000000,NA,Secondary,Jupiter,NA,NA,NA,003285881464703662,5914586636466591,8249256550286532e-12,47368421052631573e-14,01416597702951129,2661570029845233
Hermippe,FALSE,21300000,0,0,021,1507,1,00015,0,2,0,0,0,NA,6339,0,19/12/2001,90000000000000,NA,Secondary,Jupiter,NA,NA,NA,003269220657276995,5884597183098591,8249256550286532e-12,47368421052631573e-14,01423817057043179,26346478873239437
Aitne,FALSE,23315000,0,0,0264,1651,1,00012,0,15,0,0,0,NA,7302,0,19/12/2001,45000000000000,NA,Secondary,Jupiter,NA,NA,NA,0029866759596826078,5376016727428694,46402068095361746e-12,23684210526315787e-14,01558511487556888,10994638460686926
Eurydome,FALSE,23148000,0,0,0276,1503,1,00012,0,15,0,0,0,NA,7239,0,19/12/2001,45000000000000,NA,Secondary,Jupiter,NA,NA,NA,003008223172628305,54148017107309485,46402068095361746e-12,23684210526315787e-14,015473482270626998,11153851166918074
Euanthe,FALSE,21038000,0,0,0232,1489,1,00012,0,15,0,0,0,NA,6206,0,11/12/2001,45000000000000,NA,Secondary,Jupiter,NA,NA,NA,003309932027759293,5957877649966727,46402068095361746e-12,23684210526315787e-14,014063034387828358,1350339248683054
Euporie,FALSE,19339000,0,0,0144,1458,1,0,0,1,0,0,0,NA,5531,0,11/12/2001,15000000000000,NA,Secondary,Jupiter,NA,NA,NA,003600718754847717,648129375872589,2062314137571633e-12,7894736842105262e-15,012927323035754948,532675240927986
Orthosie,FALSE,21164000,0,0,0281,1459,1,81e-4,0,1,0,0,0,NA,6226,0,11/12/2001,15000000000000,NA,Secondary,Jupiter,NA,NA,NA,003290223965223965,5922403137403137,2062314137571633e-12,7894736842105262e-15,014147260185568938,4447695349698751
Sponde,FALSE,23790000,0,0,0312,151,1,81e-4,0,1,0,0,0,NA,7483,0,19/12/2001,15000000000000,NA,Secondary,Jupiter,NA,NA,NA,0029270407734342162,5268673392181589,2062314137571633e-12,7894736842105262e-15,015902632763876634,3519991815735309
Kale,FALSE,23302000,0,0,026,165,1,81e-4,0,1,0,0,0,NA,7295,0,19/12/2001,15000000000000,NA,Secondary,Jupiter,NA,NA,NA,002988340056647498,5379012101965496,2062314137571633e-12,7894736842105262e-15,015576424912309933,36689698416527817
Pasithee,FALSE,23090000,0,0,0267,1651,1,81e-4,0,1,0,0,0,NA,7163,0,11/12/2001,15000000000000,NA,Secondary,Jupiter,NA,NA,NA,0030157773928107406,5428399307059333,2062314137571633e-12,7894736842105262e-15,01543471166531784,37366521610036685
Hegemone,FALSE,23566000,0,0,0328,1552,1,0,0,2,0,0,0,NA,7396,0,2003,45000000000000,NA,Secondary,Jupiter,NA,NA,NA,0029548671815327165,5318760926758889,8249256550286532e-12,23684210526315787e-14,01575289801233782,10761679299120148
Mneme,FALSE,21036000,0,0,0227,1486,1,0,0,2,0,0,0,NA,620,0,2003,15000000000000,NA,Secondary,Jupiter,NA,NA,NA,003310249096786461,5958448374215631,8249256550286532e-12,7894736842105262e-15,014061697470403903,4501986760641877
Aoede,FALSE,23969000,0,0,0432,1583,1,0,0,2,0,0,0,NA,7615,0,2003,90000000000000,NA,Secondary,Jupiter,NA,NA,NA,002905185865075723,5229334557136301,8249256550286532e-12,47368421052631573e-14,016022286873365238,2080568204970401
Thelxinoe,FALSE,21165000,0,0,0221,1514,1,0,0,2,0,0,0,NA,6281,0,2003,15000000000000,NA,Secondary,Jupiter,NA,NA,NA,0032900732341129224,592213182140326,8249256550286532e-12,7894736842105262e-15,014147928644281166,4447275071855354
Arche,FALSE,23355000,0,0,0259,165,1,00012,0,15,0,0,0,NA,7627,0,31/10/2002,41500000000000,NA,Secondary,Jupiter,NA,NA,NA,0029815606936416186,53668092485549135,46402068095361746e-12,21842105263157893e-14,015611853224057956,10104797907402342
Kallichore,FALSE,23273000,0,0,0264,1655,1,0,0,2,0,0,0,NA,7647,0,2003,15000000000000,NA,Secondary,Jupiter,NA,NA,NA,002992068061702402,5385722511064324,8249256550286532e-12,7894736842105262e-15,015557039609655354,36781191921358916
Helike,FALSE,21064000,0,0,0156,1548,1,0,0,4,0,0,0,NA,6348,0,2003,90000000000000,NA,Secondary,Jupiter,NA,NA,NA,003305858336498291,5950545005696924,3299702620114613e-11,47368421052631573e-14,014080414314346254,26940155363957617
Carpo,FALSE,17078000,0,0,043,514,1,0,0,3,0,0,0,NA,4561,0,2003,45000000000000,NA,Secondary,Jupiter,NA,NA,NA,0040774388101651245,7339389858297224,18560827238144698e-11,23684210526315787e-14,011415937887410052,20491689851463195
Eukelade,FALSE,23322000,0,0,0272,1655,1,0,0,4,0,0,0,NA,7464,0,2003,90000000000000,NA,Secondary,Jupiter,NA,NA,NA,0029857902409741875,5374422433753537,3299702620114613e-11,47368421052631573e-14,01558979408655447,21976078924762168
Cyllene,FALSE,23787000,0,0,0319,1493,1,0,0,1,0,0,0,NA,7378,0,2003,15000000000000,NA,Secondary,Jupiter,NA,NA,NA,0029274099297935847,5269337873628452,2062314137571633e-12,7894736842105262e-15,015900627387739952,3520879749594611
Kore,FALSE,24486000,0,0,0325,145,1,0,0,1,0,0,0,NA,7792,0,2003,15000000000000,NA,Secondary,Jupiter,NA,NA,NA,002843841378747039,511891448174467,2062314137571633e-12,7894736842105262e-15,016367880027586518,3322728430568259
Herse,FALSE,23405000,0,0,02,1642,1,0,0,2,0,0,0,NA,7173,0,2003,15000000000000,NA,Secondary,Jupiter,NA,NA,NA,0029751933347575303,5355348002563555,8249256550286532e-12,7894736842105262e-15,015645276159669297,36367483197721987
S/2003 J 2,FALSE,28332000,0,0,038,1518,1,0,0,1,0,0,0,NA,9825,0,2003,15000000000000,NA,Secondary,Jupiter,NA,NA,NA,0024577968374982353,4424034307496823,2062314137571633e-12,7894736842105262e-15,01893877223481096,24818530962485537
Eupheme,FALSE,20230000,0,0,0253,148,1,0,0,1,0,0,0,NA,504,0,2003,15000000000000,NA,Secondary,Jupiter,NA,NA,NA,003442130499258527,6195834898665349,2062314137571633e-12,7894736842105262e-15,013522919748349066,4867867765872887
S/2003 J 4,FALSE,23928000,0,0,0204,1449,1,0,0,1,0,0,0,NA,7232,0,2003,15000000000000,NA,Secondary,Jupiter,NA,NA,NA,002910159645603477,52382873620862584,2062314137571633e-12,7894736842105262e-15,015994880066163938,3479507185883964
Eirene,FALSE,23493000,0,0,022,1631,1,0,0,2,0,0,0,NA,7597,0,2003,90000000000000,NA,Secondary,Jupiter,NA,NA,NA,0029640488656195462,5335287958115183,8249256550286532e-12,47368421052631573e-14,01570410052634526,2165732584697997
S/2003 J 9,FALSE,23385000,0,0,0269,1645,1,0,0,05,0,0,0,NA,683,0,2003,1500000000000,NA,Secondary,Jupiter,NA,NA,NA,0029777314517853325,5359916613213598,5155785343929083e-13,7894736842105263e-16,015631906985424762,3642971631266952
S/2003 J 10,FALSE,23042000,0,0,0214,1641,1,0,0,1,0,0,0,NA,767,0,2003,15000000000000,NA,Secondary,Jupiter,NA,NA,NA,0030220597170384514,5439707490669212,2062314137571633e-12,7894736842105262e-15,015402625647130955,3752236408909191
S/2003 J 12,FALSE,17835000,0,0,0376,1458,1,0,0,05,0,0,0,NA,5333,0,2003,1000000000000,NA,Secondary,Jupiter,NA,NA,NA,003904359405663022,702784693019344,5155785343929083e-13,5263157894736841e-16,011921961132565774,4175351587917433
Philophrosyne,FALSE,22622000,0,0,0194,1436,1,0,0,1,0,0,0,NA,6684,0,2003,15000000000000,NA,Secondary,Jupiter,NA,NA,NA,003078167270798338,5540701087437008,2062314137571633e-12,7894736842105262e-15,01512187298799568,38928578158914062
S/2003 J 16,FALSE,20948000,0,0,023,1485,1,0,0,1,0,0,0,NA,5954,0,2003,15000000000000,NA,Secondary,Jupiter,NA,NA,NA,003324150276876074,5983470498376933,2062314137571633e-12,7894736842105262e-15,014002873103727942,4539890806477564
S/2003 J 18,FALSE,20494000,0,0,0105,1464,1,0,0,1,0,0,0,NA,6063,0,2003,15000000000000,NA,Secondary,Jupiter,NA,NA,NA,0033977895969552065,6116021274519372,2062314137571633e-12,7894736842105262e-15,013699392848376954,4743261562372224
S/2003 J 19,FALSE,23532000,0,0,0334,1629,1,0,0,1,0,0,0,NA,7013,0,2003,15000000000000,NA,Secondary,Jupiter,NA,NA,NA,002959132245453,53264380418154005,2062314137571633e-12,7894736842105262e-15,015730170416122108,35975998657485767
S/2003 J 23,FALSE,23549000,0,0,0309,1492,1,81e-4,0,1,0,0,0,NA,7597,0,2003,15000000000000,NA,Secondary,Jupiter,NA,NA,NA,002956996050787719,5322592891417894,2062314137571633e-12,7894736842105262e-15,015741534214229963,3592407532967116
Mimas,FALSE,185539,181770,189270,00202,153,115,0,0,3964,0,0,0,415x394x381,094,2256,17/09/1789,379e17,NA,Secondary,Saturn,NA,NA,NA,37552126507095545,6759382771277199,3240575248864779e-7,1994736842105263e-8,00012402516100785653,14622043298592274e7
Enceladus,FALSE,238037,236830,239066,00045,0,161,0,0,5042,0,0,0,NA,137,3288,28/08/1789,108e18,NA,Secondary,Saturn,NA,NA,NA,29274700991862606,5269446178535269,5242766329920959e-7,56842105263157894e-8,0001591179064823414,25314776525314367e7
Tethys,FALSE,294672,294589,294648,0,186,0985,0,0,1066,0,0,0,NA,189,45312,21/03/1684,618e18,NA,Secondary,Saturn,NA,NA,NA,23667263940924146,4260107509366346,23435230441143505e-6,32526315789473684e-7,00019697606564930874,9452572397181888e8
Dione,FALSE,377415,376580,378260,00022,002,148,0,0,11234,0,0,0,NA,274,0,21/03/1684,11e20,NA,Secondary,Saturn,NA,NA,NA,18480065710159903,3326411827828783,26026972789930332e-6,5789473684210526e-7,00025228634487509454,10256369305893162e8
Rhea,FALSE,527068,526543,527597,0001,035,124,0,0,15286,0,0,0,NA,4518,108432,23/12/1672,23e20,NA,Secondary,Saturn,NA,NA,NA,13240617908884622,2383311223599232,4818840253011788e-6,12105263157894736e-6,0003523231965359785,10995976817344066e8
Titan,FALSE,1221865,1186680,1257060,00292,033,188,0,0,2575,0,0,0,NA,1595,3828,25/03/1655,135e21,NA,Secondary,Saturn,NA,NA,NA,05720083642628278,10296150556730899,1367443167843591e-5,7105263157894735e-5,0008167663044150534,12009546215458244e9
Hyperion,FALSE,1500934,1466112,1535756,01042,043,055,0,0,266,0,0,0,328x260x214,2128,0,16/09/1848,56e17,NA,Secondary,Saturn,NA,NA,NA,046411634355674536,8354094184021416,14592109911801847e-7,29473684210526315e-9,0010033124087774868,3301445364468039e5
Iapetus,FALSE,3560851,3460068,3661612,00283,1472,109,0,0,14712,0,0,0,NA,7933,173592,25/10/1671,181e19,NA,Secondary,Saturn,NA,NA,NA,019596809863709544,3527425775467718,4463733433888253e-6,9526315789473683e-7,002380281873891672,18958774048654147e6
Phoebe,FALSE,12947913,0,0,0164,1748,164,0,0,2144,0,0,0,230x220x210,5482,92736,17/03/1899,829e16,NA,Secondary,Saturn,NA,NA,NA,0053796808798452694,9683425583721485,9479913639484478e-8,43631578947368415e-9,00865514525000522,6567412028370339e3
Janus,FALSE,151460,0,0,0007,014,063,0,0,33,0,0,0,195x194x152,07,0,15/12/1966,19e17,NA,Secondary,Saturn,NA,NA,NA,4597748580483296,8275947444869934,22458600958155087e-9,9999999999999999e-10,00010124475655387789,11000108648025366e6
Epimetheus,FALSE,151410,0,0,0009,034,064,0,0,1134,0,0,0,116x117x106,069,0,18/12/1966,53e16,NA,Secondary,Saturn,NA,NA,NA,4599797899742422,8279636219536359,26520452390950674e-8,2789473684210526e-10,00010121133361826655,3070478278677929e6
Helene,FALSE,377420,0,0,0005,0,13,0,0,33,0,0,0,39x37x25,274,0,01/03/1980,24e15,NA,Secondary,Saturn,NA,NA,NA,1845092999841026,3321167399713847,22458600958155087e-9,1263157894736842e-11,0002522896871686557,2237694012698568e4
Telesto,FALSE,294710,0,0,0001,1158,1,0,0,33,0,0,0,30x23x14,189,0,08/04/1980,1e16,NA,Secondary,Saturn,NA,NA,NA,23629160870007806,4253248956601405,22458600958155087e-9,52631578947368416e-12,00019700146708037337,15291480451499518e3
Calypso,FALSE,294710,0,0,0001,1473,1,0,0,33,0,0,0,31x24x21,189,0,13/03/1980,65e14,NA,Secondary,Saturn,NA,NA,NA,23629160870007806,4253248956601405,22458600958155087e-9,34210526315789472e-12,00019700146708037337,9939462293474687e3
Atlas,FALSE,137670,0,0,0,03,05,0,0,33,0,0,0,42x36x18,0602,0,12/11/1980,7e15,NA,Secondary,Saturn,NA,NA,NA,50582915667901505,9104924820222271,22458600958155087e-9,36842105263157895e-12,920267109122697e-4,4905222299323354e4
Prometheus,FALSE,139380,0,0,000204,0,048,0,0,33,0,0,0,133x79x61,0613,0,??/10/1980,16e16,NA,Secondary,Saturn,NA,NA,NA,4996233318984072,899321997417133,22458600958155087e-9,8421052631578947e-11,931697753101776e-4,10938514353409923e5
Pandora,FALSE,141720,0,0,00042,0,049,0,0,33,0,0,0,103x80x64,0629,0,??/10/1980,14e16,NA,Secondary,Saturn,NA,NA,NA,4913738357324301,8844729043183742,22458600958155087e-9,7368421052631579e-11,9473396869678842e-4,9257741011622142e5
Pan,FALSE,133580,0,0,0,0,042,0,0,33,0,0,0,35x32x21,0575,0,22/08/1981,495e13,NA,Secondary,Saturn,NA,NA,NA,5213168138942955,938370265009732,22458600958155087e-9,26052631578947365e-12,892927147792619e-4,36843561039565943e3
Ymir,FALSE,23140400,0,0,0187,1679,1,0,0,9,0,0,0,NA,13154,0,07/08/2000,397e13,NA,Secondary,Saturn,NA,NA,NA,0030092435740090923,5416638433216367,16704744514330227e-10,2089473684210526e-12,015468401984414074,9846640040488784
Paaliaq,FALSE,15024000,6908035,23139965,0364,472,1,0,0,10,0,0,0,NA,6869,0,07/08/2000,725e13,NA,Secondary,Saturn,NA,NA,NA,00463493077742279,8342875399361022,20623141375716332e-10,38157894736842104e-12,010042923692496113,4265855453071323
Tarvos,FALSE,18263200,0,0,0531,338,1,0,0,7,0,0,0,NA,9262,0,23/09/2000,23e14,NA,Secondary,Saturn,NA,NA,NA,003812853169214595,6863135704586272,10105339274101002e-10,12105263157894735e-12,012208195153141309,9158268344754574
Ijiraq,FALSE,11367400,0,0,0316,491,1,0,0,5,0,0,0,NA,4514,0,23/09/2000,118e13,NA,Secondary,Saturn,NA,NA,NA,006125824726850467,1102648450833084,5155785343929083e-11,6210526315789473e-13,007598637565367433,12128274038804595
Suttungr,FALSE,19476700,0,0,0114,1758,1,0,0,3,0,0,0,NA,10167,0,23/09/2000,230000000000000,NA,Secondary,Saturn,NA,NA,NA,003575271991661832,6435489584991298,18560827238144698e-11,12105263157894735e-13,013019369800428585,8052604418030906
Kiviuq,FALSE,11311100,0,0,0334,487,1,0,0,7,0,0,0,NA,4492,0,07/08/2000,279e13,NA,Secondary,Saturn,NA,NA,NA,006156333159462828,11081399687033091,10105339274101002e-10,1468421052631579e-12,007561003339869062,2896235003851663
Mundilfari,FALSE,18667900,0,0,021,1694,1,0,0,3,0,0,0,NA,9526,0,23/09/2000,230000000000000,NA,Secondary,Saturn,NA,NA,NA,003730173184985992,6714311732974786,18560827238144698e-11,12105263157894735e-13,012478720393979513,8765489687842411
Albiorix,FALSE,16401100,0,0,0469,34,1,0,0,13,0,0,0,NA,7835,1332,09/11/2000,223e14,NA,Secondary,Saturn,NA,NA,NA,0042457822950899636,7642408131161934,34853108924960603e-10,11736842105263157e-11,010963458185103701,11010275564898812
Skathi,FALSE,15614300,0,0,027,1485,1,0,0,3,0,0,0,NA,7282,0,23/09/2000,350000000000000,NA,Secondary,Saturn,NA,NA,NA,004459661976521522,802739155773874,18560827238144698e-11,18421052631578948e-13,010437514870323619,19066118350616972
Erriapus,FALSE,17611400,0,0,0474,346,1,0,0,4,0,0,0,NA,8712,0,23/09/2000,680000000000000,NA,Secondary,Saturn,NA,NA,NA,003953950282203573,7117110507966431,3299702620114613e-11,35789473684210526e-13,011772493764511852,2911792540911107
Siarnaq,FALSE,18015400,0,0,0295,456,1,0,0,16,0,0,0,NA,8956,0,23/09/2000,435e14,NA,Secondary,Saturn,NA,NA,NA,003865348535142156,6957627363255881,527952419218338e-10,22894736842105263e-11,012042551084251496,17800849035941718
Thrymr,FALSE,20439600,0,0,047,175,1,0,0,3,0,0,0,NA,10943,0,23/09/2000,230000000000000,NA,Secondary,Saturn,NA,NA,NA,003406842599659485,6132316679387072,18560827238144698e-11,12105263157894735e-13,013663028694431814,7311766769142289
Narvi,FALSE,19417300,0,0,0431,1458,1,0,0,3,0,0,0,NA,10039,0,05/02/2003,230000000000000,NA,Secondary,Saturn,NA,NA,NA,003586209205193307,6455176569347952,18560827238144698e-11,12105263157894735e-13,01297966335292231,8101947666639197
Methone,FALSE,194440,194421,194459,0,0,1,0,0,16,0,0,0,NA,101,0,01/06/2004,20000000000000,NA,Secondary,Saturn,NA,NA,NA,35812775149146265,6446299526846328,5279524192183382e-12,10526315789473684e-14,00012997511200538766,70258366713118830
Pallene,FALSE,212280,0,0,0,0,1,0,0,33,0,0,0,5x4x4,114,0,01/06/2004,60000000000000,NA,Secondary,Saturn,NA,NA,NA,3280455059355568,5904819106840022,22458600958155087e-9,3157894736842105e-14,00014190041543151457,176836687532481340
Polydeuces,FALSE,377200,0,0,0,0,1,0,0,2,0,0,0,3x2x2,274,0,21/10/2004,10000000000000,NA,Secondary,Saturn,NA,NA,NA,1846086956521739,332295652173913,8249256550286532e-12,5263157894736842e-15,00025214262625196577,9334604255950808
Daphnis,FALSE,136500,0,0,0,0,034,0,0,33,0,0,0,9x8x6,0594,0,01/05/2009,100000000000000,NA,Secondary,Saturn,NA,NA,NA,5101648351648351,9182967032967032,22458600958155087e-9,5263157894736842e-14,9124461421896429e-4,712810315447678e3
Aegir,FALSE,20749800,0,0,0252,1667,1,0,0,3,0,0,0,NA,11165,0,12/12/2004,150000000000000,NA,Secondary,Saturn,NA,NA,NA,0033559118642107394,6040641355579331,18560827238144698e-11,7894736842105263e-14,01387038458696458,4627034180168069
Bebhionn,FALSE,17117800,0,0,0469,35,1,0,0,3,0,0,0,NA,8348,0,12/12/2004,150000000000000,NA,Secondary,Saturn,NA,NA,NA,004067958499339869,7322325298811764,18560827238144698e-11,7894736842105263e-14,011442542544156681,6798837200240768
Bergelmir,FALSE,19338300,0,0,0142,1585,1,0,0,3,0,0,0,NA,10059,0,12/12/2004,150000000000000,NA,Secondary,Saturn,NA,NA,NA,0036008594343866836,648154698189603,18560827238144698e-11,7894736842105263e-14,012926855114656388,5327138047538857
Bestla,FALSE,20278000,0,0,0521,1452,1,0,0,3,0,0,0,NA,10836,0,13/12/2004,230000000000000,NA,Secondary,Saturn,NA,NA,NA,003433992504191735,61811865075451236,18560827238144698e-11,12105263157894735e-13,013555005766535955,7428769398194761
Farbauti,FALSE,20387000,0,0,0206,1564,1,0,0,3,0,0,0,NA,10861,0,12/12/2004,90000000000000,NA,Secondary,Saturn,NA,NA,NA,003415632510913818,6148138519644872,18560827238144698e-11,47368421052631573e-14,01362786776616868,28759090160358555
Fenrir,FALSE,22454800,0,0,0136,1649,1,0,0,2,0,0,0,NA,12603,0,13/12/2004,50000000000000,NA,Secondary,Saturn,NA,NA,NA,0031010919714270446,55819655485686805,8249256550286532e-12,2631578947368421e-14,01501010669131135,13170155435062828
Fornjot,FALSE,25151200,0,0,0206,1704,1,0,0,3,0,0,0,NA,14909,0,12/12/2004,150000000000000,NA,Secondary,Saturn,NA,NA,NA,00276863529374344,4983543528738192,18560827238144698e-11,7894736842105263e-14,016812538762959814,31492933518069355
Hati,FALSE,19775000,0,0,0372,1658,1,0,0,3,0,0,0,NA,10387,0,12/12/2004,150000000000000,NA,Secondary,Saturn,NA,NA,NA,00352134007585335,63384121365360295,18560827238144698e-11,7894736842105263e-14,013218771034285853,5094452924093906
Hyrrokkin,FALSE,18437300,0,0,0333,1514,1,0,0,4,0,0,0,NA,9318,0,12/12/2004,350000000000000,NA,Secondary,Saturn,NA,NA,NA,003776832833440905,67982991001936295,3299702620114613e-11,18421052631578948e-13,012324573814940001,13674538504897097
Kari,FALSE,22077100,0,0,0478,1563,1,0,0,3,0,0,0,NA,12336,0,12/12/2004,230000000000000,NA,Secondary,Saturn,NA,NA,NA,003154150681022417,5677471225840351,18560827238144698e-11,12105263157894735e-13,01475762983570327,6267337251007138
Loge,FALSE,23065500,0,0,0335,1731,1,0,0,3,0,0,0,NA,1312,0,13/12/2004,150000000000000,NA,Secondary,Saturn,NA,NA,NA,0030189893997528777,543418091955518,18560827238144698e-11,7894736842105263e-14,015418334426868285,3744594464333765
Skoll,FALSE,17663300,0,0,0464,1612,1,0,0,3,0,0,0,NA,8783,0,12/12/2004,150000000000000,NA,Secondary,Saturn,NA,NA,NA,0039423267452854224,709618814151376,18560827238144698e-11,7894736842105263e-14,011807186771676424,6385381466010945
Surtur,FALSE,22920400,0,0,0451,1775,1,0,0,3,0,0,0,NA,12977,0,12/12/2004,150000000000000,NA,Secondary,Saturn,NA,NA,NA,0030381014292944278,546858257272997,18560827238144698e-11,7894736842105263e-14,01532134106772417,37921556320557766
Anthe,FALSE,197700,0,0,0001,01,1,0,0,1,0,0,0,NA,104,0,30/05/2007,5000000000000,NA,Secondary,Saturn,NA,NA,NA,3522220536165908,6339996965098635,2062314137571633e-12,2631578947368421e-15,00013215428740724717,16990100367683084
Jarnsaxa,FALSE,19356400,0,0,0216,1633,1,0,0,3,0,0,0,NA,9647,0,05/01/2006,100000000000000,NA,Secondary,Saturn,NA,NA,NA,003597492302287615,6475486144117707,18560827238144698e-11,5263157894736842e-14,012938954217347695,3544786656908587
Greip,FALSE,18442200,0,0,0326,1798,1,0,0,3,0,0,0,NA,9212,0,05/01/2006,150000000000000,NA,Secondary,Saturn,NA,NA,NA,003775823925562026,6796483066011647,18560827238144698e-11,7894736842105263e-14,012327849262629914,5857402696160072
Tarqeq,FALSE,17909900,0,0,016,461,1,0,0,3,0,0,0,NA,8875,0,05/01/2006,230000000000000,NA,Secondary,Saturn,NA,NA,NA,003888045159381125,6998481286886024,18560827238144698e-11,12105263157894735e-13,011972028690111564,952315367968713
Aegaeon,FALSE,167500,0,0,2e-4,0001,1,0,0,05,0,0,0,NA,0808,1963,15/08/2008,100000000000,NA,Secondary,Saturn,NA,NA,NA,4157268656716418,7483083582089553,5155785343929083e-13,52631578947368417e-17,00011196683429799646,4733797282245489
S/2004 S 7,FALSE,21005800,0,0,058,1651,1,0,0,3,0,0,0,NA,1103,0,12/12/2004,150000000000000,NA,Secondary,Saturn,NA,NA,NA,003315012996410515,5967023393538927,18560827238144698e-11,7894736842105263e-14,014041510017294653,45149410623006945
S/2004 S 12,FALSE,19867500,0,0,0401,164,1,0,0,3,0,0,0,NA,1048,0,12/12/2004,90000000000000,NA,Secondary,Saturn,NA,NA,NA,003504945262363156,630890147225368,18560827238144698e-11,47368421052631573e-14,013280603465166835,3028275233957243
S/2004 S 13,FALSE,18408700,0,0,0273,1674,1,0,0,3,0,0,0,NA,906,0,12/12/2004,150000000000000,NA,Secondary,Saturn,NA,NA,NA,003782695138711587,6808851249680857,18560827238144698e-11,7894736842105263e-14,012305455895770315,58787405997392234
S/2004 S 17,FALSE,19449900,0,0,0259,1666,1,0,0,2,0,0,0,NA,986,0,13/12/2004,50000000000000,NA,Secondary,Saturn,NA,NA,NA,0035801932143609994,6444347785849799,8249256550286532e-12,2631578947368421e-14,013001455106940904,1755393708643143
S/2006 S 1,FALSE,18797400,0,0,013,1542,1,0,0,3,0,0,0,NA,970,0,04/01/2006,100000000000000,NA,Secondary,Saturn,NA,NA,NA,003704475086980114,6668055156564206,18560827238144698e-11,5263157894736842e-14,012565285797212888,375875234897145
S/2006 S 3,FALSE,22100100,0,0,0471,1508,1,0,0,3,0,0,0,NA,1142,0,05/01/2006,150000000000000,NA,Secondary,Saturn,NA,NA,NA,0031508680956194766,5671562572115058,18560827238144698e-11,7894736842105263e-14,014773004386084487,4078890627265287
S/2007 S 2,FALSE,16723300,0,0,0218,1767,1,0,0,3,0,0,0,NA,800,0,01/05/2007,150000000000000,NA,Secondary,Saturn,NA,NA,NA,004163920996454049,7495057793617288,18560827238144698e-11,7894736842105263e-14,01117883558218319,7123387608302798
S/2007 S 3,FALSE,18981900,0,0,013,1772,1,0,0,3,0,0,0,NA,1100,0,01/05/2007,150000000000000,NA,Secondary,Saturn,NA,NA,NA,003668468383038579,66032430894694425,18560827238144698e-11,7894736842105263e-14,01268861642961874,5529058379442007
S/2009 S 1,FALSE,117000,0,0,0,0,1,0,0,03,0,0,0,NA,04715,0,26/07/2009,100000000000,NA,Secondary,Saturn,NA,NA,NA,595164358974359,10712958461538462,185608272381447e-13,52631578947368417e-17,7820966933054082e-4,9702140404704506
Ariel,FALSE,190900,190670,191130,00012,004,159,0,0,5811,0,0,0,NA,252038,604891,24/10/1851,129e19,NA,Secondary,Uranus,NA,NA,NA,3650723415400733,6571302147721319,6963964841187453e-7,6789473684210526e-7,00012760876816410463,47012909816778664e8
Umbriel,FALSE,266000,265100,267500,00039,013,146,0,0,5847,0,0,0,NA,414418,99499,24/10/1851,122e19,NA,Secondary,Uranus,NA,NA,NA,26200251879699246,47160453383458645,7050517690764369e-7,6421052631578947e-7,00017781001745234067,2290001865566171e9
Titania,FALSE,436300,435800,436800,00011,008,166,0,0,7889,0,0,0,NA,87058700000000009,2089408,11/01/1787,342e19,NA,Secondary,Uranus,NA,NA,NA,15978246619298648,2876084391473757,12835084466874632e-6,18e-6,0002916485361445723,23861347130236766e8
Oberon,FALSE,583500,582702,584336,00014,007,156,0,0,7614,0,0,0,NA,1346323,3231176,11/01/1787,288e19,NA,Secondary,Uranus,NA,NA,NA,11946930591259641,21504475064267353,11955852924818373e-6,15157894736842103e-6,00039004565858436384,11234404213559254e8
Miranda,FALSE,129900,129703,130041,00013,434,12,0,0,240,0,0,0,NA,141348,339235,16/02/1948,66e18,NA,Secondary,Uranus,NA,NA,NA,5362448036951501,9652406466512701,11878929432412606e-7,3473684210526316e-8,8683278671826712e-4,51947531144049335e7
Cordelia,FALSE,49800,0,0,3e-4,008,1,0,0,20,0,0,0,NA,033503,0,20/01/1986,45e15,NA,Secondary,Uranus,NA,NA,NA,13983172690763052,2516971084337349,8249256550286533e-10,23684210526315788e-11,3328924386889686e-4,240986717956162e7
Ophelia,FALSE,53800,0,0,00099,01,1,0,0,21,0,0,0,NA,03764,0,20/01/1986,54e15,NA,Secondary,Uranus,NA,NA,NA,12943550185873606,2329839033457249,9094805346690902e-10,28421052631578945e-11,3596307871780424e-4,24778127720733543e5
Bianca,FALSE,59200,0,0,9e-4,019,1,0,0,27,0,0,0,NA,043458,0,23/01/1986,92e15,NA,Secondary,Uranus,NA,NA,NA,11762989864864865,21173381756756758,15034270062897204e-9,48421052631578944e-11,395727557638292e-4,34864520178962745e5
Cressida,FALSE,61800,0,0,4e-4,001,1,0,0,41,0,0,0,NA,046357,0,09/01/1986,34e16,NA,Secondary,Uranus,NA,NA,NA,11268333333333333,20283,34667500652579154e-9,17894736842105263e-10,41310748415619e-4,11823369047245e9
Desdemona,FALSE,62700,0,0,1e-4,011,1,0,0,35,0,0,0,NA,047365,0,13/01/1986,18e16,NA,Secondary,Uranus,NA,NA,NA,11106491228070176,19991684210526316,25263348185252506e-9,9473684210526315e-11,41912361256623155e-4,6081023786085483e6
Juliet,FALSE,64400,0,0,7e-4,007,1,0,0,53,0,0,0,NA,049307,0,03/01/1986,56e16,NA,Secondary,Uranus,NA,NA,NA,10813586956521739,1946445652173913,57930404124387175e-9,29473684210526316e-10,4304874106740879e-4,17933108290575208e6
Portia,FALSE,66100,0,0,1e-4,006,1,0,0,70,0,0,0,NA,05132,0,03/01/1986,17e17,NA,Secondary,Uranus,NA,NA,NA,1053573373676248,18964320726172466,10105339274101002e-8,8947368421052631e-10,44185120878194426e-4,5167557064091677e7
Rosalind,FALSE,69900,0,0,1e-4,028,1,0,0,36,0,0,0,NA,055846,0,13/01/1986,25e15,NA,Secondary,Uranus,NA,NA,NA,9962489270386266,17932480686695278,26727591222928363e-9,13157894736842105e-11,4672526398465644e-4,6795555064357215e5
Belinda,FALSE,75300,0,0,1e-4,003,1,0,0,45,0,0,0,NA,062353,0,13/01/1986,49e16,NA,Secondary,Uranus,NA,NA,NA,924816733067729,16646701195219123,4176186128582557e-9,25789473684210525e-10,503349410306814e-4,11477449917020716e6
Puck,FALSE,86000,0,0,1e-4,032,1,0,0,81,0,0,0,NA,076183,0,30/12/1985,29e17,NA,Secondary,Uranus,NA,NA,NA,8097941860465117,1457629534883721,13530843056607487e-8,1526315789473684e-9,5748744925150864e-4,5207633044889129e7
Caliban,FALSE,7231100,0,0,01812,14153,1,0,0,36,0,0,0,NA,-5795,0,06/09/1997,25e16,NA,Secondary,Uranus,NA,NA,NA,009630319038597171,17334574269474906,26727591222928363e-9,13157894736842104e-10,004833691793983536,634995360797789300
Sycorax,FALSE,12179400,0,0,05219,15942,1,0,0,75,0,0,0,NA,-12834,0,06/09/1997,23e17,NA,Secondary,Uranus,NA,NA,NA,005717991034041086,10292383861273954,11600517023840438e-8,12105263157894736e-9,008141426039695632,2059279645559888400
Prospero,FALSE,16276800,0,0,04445,15183,1,0,0,25,0,0,0,NA,-19773,0,18/07/1999,85e15,NA,Secondary,Uranus,NA,NA,NA,004278279514400865,7700903125921557,12889463359822709e-9,4473684210526316e-11,010880368767173904,42610845344912736
Setebos,FALSE,17420400,0,0,05908,15824,1,0,0,24,0,0,0,NA,-22348,0,18/07/1999,75e15,NA,Secondary,Uranus,NA,NA,NA,003997416821657367,7195350278983261,11878929432412607e-9,39473684210526314e-11,011644818150476524,32823455254447828
Stephano,FALSE,8007400,0,0,02248,14382,1,0,0,16,0,0,0,NA,-6765,0,18/07/1999,22e15,NA,Secondary,Uranus,NA,NA,NA,008696430801508605,1565357544271549,527952419218338e-10,11578947368421052e-11,005352616292285235,45569987781782904
Trinculo,FALSE,8505200,0,0,02194,16693,1,0,0,9,0,0,0,NA,-7581,0,13/08/2001,39e14,NA,Secondary,Uranus,NA,NA,NA,008187355970465127,14737240746837228,16704744514330227e-10,20526315789473685e-12,005685375039231759,7160359454783080
Francisco,FALSE,4282900,0,0,01324,14725,1,0,0,11,0,0,0,NA,-2666,0,13/08/2001,72e14,NA,Secondary,Uranus,NA,NA,NA,01625891335310187,29266044035583366,24954001064616764e-10,3789473684210526e-12,0028629418185963526,52130982077002424
Margaret,FALSE,23808000,0,0,06772,5737,1,0,0,10,0,0,0,NA,16948,0,29/08/2003,54e14,NA,Secondary,Uranus,NA,NA,NA,0029248655913978495,5264758064516129,20623141375716332e-10,28421052631578945e-12,015914665020696717,12652816534290452
Ferdinand,FALSE,20430000,0,0,03993,16979,1,0,0,10,0,0,0,NA,-28234,0,13/08/2001,54e14,NA,Secondary,Uranus,NA,NA,NA,003408477728830152,61352599118942734,20623141375716332e-10,28421052631578945e-12,013656611490794435,1718289377502636
Perdita,FALSE,76417,0,0,0,047,1,0,0,13,0,0,0,NA,0638,0,18/01/1986,18e18,NA,Secondary,Uranus,NA,NA,NA,9112566575500216,16402619835900389,34853108924960603e-10,9473684210526315e-9,5108160941223878e-4,40938489615853177e+023
Mab,FALSE,97736,0,0,0,013,1,0,0,12,0,0,0,NA,0923,0,25/08/2003,1e16,NA,Secondary,Uranus,NA,NA,NA,7124846525333552,12824723745600393,29697323581031517e-10,52631578947368416e-12,6533248069820289e-4,1390369259034109e5
Cupid,FALSE,74392,0,0,0,01,1,0,0,9,0,0,0,NA,0613,0,25/08/2003,38e14,NA,Secondary,Uranus,NA,NA,NA,9360562963759545,1684901333476718,16704744514330227e-10,2e-12,4972798051997942e-4,9119486944591079e4
Triton,FALSE,354759,354753,354765,2e-5,157345,205,078,0,13534,0,0,0,NA,587685,1410444,10/10/1846,21400000000000002e+022,NA,Secondary,Neptune,NA,NA,NA,19666742774672383,3540013699441029,377752339985864e-6,11263157894736843e-5,0002371417442908832,22583237819212137e9
Nereid,FALSE,5513818,1372000,9655000,07512,723,1,0071,0,170,0,0,0,NA,36013619,0,01/05/1949,3e19,NA,Secondary,Neptune,NA,NA,NA,012632118071361803,22737812528451247,596008785758202e-8,15789473684210525e-8,003685759679733196,13105562919302467e4
Naiad,FALSE,48227,0,0,3e-4,474,1,001,0,33,0,0,0,48 x 30 x 26,02944,0,18/09/1989,2e17,NA,Secondary,Neptune,NA,NA,NA,14439525576958966,2599114603852614,22458600958155087e-9,10526315789473684e-10,32237758314564033e-4,11420596299279253e6
Thalassa,FALSE,50074,0,0,2e-4,021,1,0013,0,33,0,0,0,54 x 50 x 26,031149,0,18/09/1989,4e17,NA,Secondary,Neptune,NA,NA,NA,13906917761712664,25032451971082796,22458600958155087e-9,21052631578947368e-10,3347240155604702e-4,21187255315701476e6
Despina,FALSE,52526,0,0,1e-4,007,1,0023,0,33,0,0,0,90 x 74 x 64,033466,0,28/07/1989,2e18,NA,Secondary,Neptune,NA,NA,NA,13257719986292503,23863895975326504,22458600958155087e-9,10526315789473683e-9,3511146231842724e-4,9627657138400342e7
Galatea,FALSE,61953,0,0,1e-4,005,1,003,0,33,0,0,0,102 x 92 x 72,042875,0,28/07/1989,2e18,NA,Secondary,Neptune,NA,NA,NA,11240375768727906,20232676383710232,22458600958155087e-9,10526315789473683e-9,41413022598589706e-4,6920613435866063e7
Larissa,FALSE,73548,0,0,00014,02,1,0034,0,33,0,0,0,108 x 102 x 84,055465,0,24/05/1981,5e18,NA,Secondary,Neptune,NA,NA,NA,9468306412139011,1704295154185022,22458600958155087e-9,2631578947368421e-9,4916380136685996e-4,12276301565376628e7
Proteus,FALSE,117646,0,0,4e-4,004,1,0075,0,33,0,0,0,220 x 208 x 202,112232,0,16/06/1989,5e19,NA,Secondary,Neptune,NA,NA,NA,5919240773166958,10654633391700524,22458600958155087e-9,26315789473684208e-8,7864149365863937e-4,47979415375590424e7
Halimede,FALSE,16611000,0,0,0571,1341,1,001,0,30,0,0,0,NA,18797,0,14/08/2002,2e17,NA,Secondary,Neptune,NA,NA,NA,004192234061766299,7546021311179339,18560827238144698e-9,10526315789473684e-10,011103767668800116,96267062057707980
Psamathe,FALSE,48096000,0,0,045,1374,1,0,0,20,0,0,0,NA,91159,0,19/08/2003,2e16,NA,Secondary,Neptune,NA,NA,NA,0014478584497671323,2606145209580838,8249256550286533e-10,10526315789473683e-11,03215019022326232,11482894020121212
Sao,FALSE,22228000,0,0,0293,485,1,001,0,20,0,0,0,NA,29141,0,14/08/2002,1e17,NA,Secondary,Neptune,NA,NA,NA,003132814468238258,5639066042828865,8249256550286533e-10,5263157894736842e-11,0148585002553783,26880571785544860
Laomedeia,FALSE,23567000,0,0,0424,347,1,001,0,20,0,0,0,NA,31679,0,13/08/2002,1e17,NA,Secondary,Neptune,NA,NA,NA,0029548181779607077,5318672720329274,8249256550286533e-10,5263157894736842e-11,015753566471050046,23912813410504160
Neso,FALSE,49285000,0,0,0495,1326,1,0,0,30,0,0,0,NA,9374,0,14/08/2002,1e17,NA,Secondary,Neptune,NA,NA,NA,0014129491731764228,2543308511717561,18560827238144698e-9,5263157894736842e-11,032944987632100037,5467763945800620
Charon,FALSE,17536,0,0,0,0,1,0,0,33,0,0,0,39x37x25,274,0,13/04/1978,24e15,NA,Secondary,Pluto,NA,NA,NA,3971116560218978,714800980839416,22458600958155087e-9,1263157894736842e-11,11722091977609947e-4,10365480687902925e6
Nix,FALSE,48708,0,0,0,0,1,0,0,33,0,0,0,39x37x25,274,0,15/05/2005,24e15,NA,Secondary,Pluto,NA,NA,NA,14296932742054693,2573447893569845,22458600958155087e-9,1263157894736842e-11,3255928695514515e-4,13435379114778703e5
Hydra,FALSE,64749,0,0,0,0,1,0,0,33,0,0,0,39x37x25,274,0,15/05/2005,24e15,NA,Secondary,Pluto,NA,NA,NA,10754992355094288,19358986239169717,22458600958155087e-9,1263157894736842e-11,43282033157975963e-4,7602989479473377e5
Namaka,FALSE,39300,0,0,0,0,1,0,0,33,0,0,0,39x37x25,274,0,30/06/2005,24e15,NA,Secondary,136108 Haumea,NA,NA,NA,1771946564885496,3189503816793893,22458600958155087e-9,1263157894736842e-11,2627042739051499e-4,20637896004506343e5
Hiʻiaka,FALSE,49500,0,0,0,0,1,0,0,33,0,0,0,39x37x25,274,0,26/01/2005,24e15,NA,Secondary,136108 Haumea,NA,NA,NA,14068181818181818,25322727272727275,22458600958155087e-9,1263157894736842e-11,3308870625522881e-4,13008886440159168e5
Dysnomia,FALSE,30000,0,0,0,0,1,0,0,33,0,0,0,39x37x25,274,0,??/09/2005,24e15,NA,Secondary,136199 Eris,NA,NA,NA,232125,417825,22458600958155087e-9,1263157894736842e-11,2005376136680534e-4,35416693333333335e5
Dia,FALSE,12555000,0,0,0211,2823,1,0,0,2,0,0,0,NA,287,0,27/12/2000,90000000000000,NA,Secondary,Jupiter,NA,NA,NA,005546348068498606,9983426523297492,8249256550286532e-12,47368421052631573e-14,008392499132008034,7583127429275345
S/2004 S 3,FALSE,141000,0,0,002,0,1,0,0,2,0,0,0,NA,062,0,21/06/2004,24e15,NA,Secondary,Saturn,NA,NA,NA,4938609929078014,8889497872340426,8249256550286532e-12,1263157894736842e-11,9425267842398509e-4,1603290780141844e5
S/2004 S 4,FALSE,140100,0,0,0,0,1,0,0,2,0,0,0,NA,061,0,09/09/2004,24e15,NA,Secondary,Saturn,NA,NA,NA,4970335474660956,8946603854389721,8249256550286532e-12,1263157894736842e-11,9365106558298093e-4,16239559690462763e4
S/2004 S 6,FALSE,140000,0,0,0002,002,1,0,0,25,0,0,0,NA,061,0,28/10/2004,24e15,NA,Secondary,Saturn,NA,NA,NA,4973889285714286,8953000714285714,12889463359822707e-11,1263157894736842e-11,9358421971175824e-4,16262767346938777e4
S/2010 J 1,FALSE,23314335,0,0,032,1632,1,0,0,1,0,0,0,NA,7232,0,07/09/2010,24e15,NA,Secondary,Jupiter,NA,NA,NA,002986759004706761,537616620847217,2062314137571633e-12,1263157894736842e-11,01558467035052525,5864141693175185
S/2010 J 2,FALSE,20320000,0,0,0307,1504,1,0,0,05,0,0,0,NA,5881,0,08/09/2010,24e15,NA,Secondary,Jupiter,NA,NA,NA,003426882381889764,6168388287401576,5155785343929083e-13,1263157894736842e-11,013583081032449482,7719747814495629
1 Ceres,TRUE,413690250,382620000,445410000,007582,10593,2161,028,510,4762,487,455,09619,NA,168163,907,01/01/1801,939e18,4210000000,Primary,NA,NA,009,8441574947406934e-6,00016843959943460111,0303191278982282,4676636351387895e-7,4942105263157895e-7,2765348517758014,728709279907864800
6 Hebe,FALSE,362959000,0,0,0,0,1,0,0,33,0,0,0,39x37x25,274,0,01/07/1847,24e15,NA,Primary,NA,NA,NA,NA,00019186051317090912,03453489237076364,22458600958155087e-9,1263157894736842e-11,2426231057311433,2419554344248951
47171 Lempo,FALSE,5884000000,0,0,0,0,1,0,0,33,0,0,0,39x37x25,274,0,01/10/1999,24e15,NA,Primary,NA,NA,NA,NA,11835061182868796e-4,0021303110129163833,22458600958155087e-9,1263157894736842e-11,3933211062742754,9206725447941878
The Little Prince,FALSE,1190,0,0,0,0,1,0,0,33,0,0,0,39x37x25,274,0,01/11/1999,24e15,NA,Secondary,45 Eugenia,NA,NA,NA,5851890756302521,10533403361344538,22458600958155087e-9,1263157894736842e-11,795465867549945e-6,22509020549396228e8
762 Pulcova,FALSE,472579673,0,0,0,0,1,0,0,33,0,0,0,39x37x25,274,0,03/09/1913,24e15,NA,Primary,NA,NA,NA,NA,00014735610517890387,0265240989322027,22458600958155087e-9,1263157894736842e-11,31589999963816333,142725129435041
4179 Toutatis,FALSE,377326000,0,0,0,0,1,0,0,33,0,0,0,39x37x25,274,0,04/01/1989,24e15,NA,Primary,NA,NA,NA,NA,00018455526520833444,0332199477375002,22458600958155087e-9,1263157894736842e-11,25222685204970636,2238809066724528
50000 Quaoar,FALSE,6489054000,0,0,0,0,1,0,0,33,0,0,0,39x37x25,274,0,04/06/2002,24e15,NA,Primary,NA,NA,NA,NA,10731533440775805e-4,0019316760193396447,22458600958155087e-9,1263157894736842e-11,43376646804104546,7569858194068066
2867 Šteins,FALSE,353495000,0,0,0,0,1,0,0,33,0,0,0,39x37x25,274,0,04/11/1969,24e15,NA,Primary,NA,NA,NA,NA,00019699712867225845,03545948316100652,22458600958155087e-9,1263157894736842e-11,23629681247862844,2550844412382353
136199 Eris,TRUE,10180122852,2147483647,2147483647,044068,440445,252,082,1380,1163,0,0,0,NA,203830,2592,05/01/2005,166e20,6590000000,Primary,NA,NA,096,30297448230021508e-005,6851636371588259e-5,0012332945468858866,2789422170741126e-6,8736842105263157e-6,6804991811958993,21273616636202764
5 Astraea,FALSE,384877000,0,0,0,0,1,0,0,33,0,0,0,39x37x25,274,0,08/12/1845,24e15,NA,Primary,NA,NA,NA,NA,0001809344284018011,0325681971123242,22458600958155087e-9,1263157894736842e-11,2572743837857313,21518232864126945
5145 Pholus,FALSE,3055227000,0,0,0,0,1,0,0,33,0,0,0,39x37x25,274,0,09/01/1992,24e15,NA,Primary,NA,NA,NA,NA,22792905404410213e-4,004102722972793838,22458600958155087e-9,1263157894736842e-11,20422931059806857,3414786483228195
4769 Castalia,FALSE,159053000,0,0,0,0,1,0,0,33,0,0,0,39x37x25,274,0,09/08/1989,24e15,NA,Primary,NA,NA,NA,NA,0004378257561944761,07880863611500569,22458600958155087e-9,1263157894736842e-11,1063203635558163,12599891066131775
Remus,FALSE,706,0,0,0,0,1,0,0,33,0,0,0,39x37x25,274,0,09/08/2005,24e15,NA,Secondary,87 Sylvia,NA,NA,NA,9863668555240794,17754603399433428,22458600958155087e-9,1263157894736842e-11,4719318508321523e-6,6395008386232135e9
624 Hektor,FALSE,781183000,0,0,0,0,1,0,0,33,0,0,0,39x37x25,274,0,10/02/1907,24e15,NA,Primary,NA,NA,NA,NA,8914364495899168e-4,016045856092618505,22458600958155087e-9,1263157894736842e-11,52218858219350315,52232997941244795
216 Kleopatra,FALSE,417796000,0,0,0,0,1,0,0,33,0,0,0,39x37x25,274,0,10/04/1880,24e15,NA,Primary,NA,NA,NA,NA,00016667823531101302,030002082355982346,22458600958155087e-9,1263157894736842e-11,2792793761335268,18260891036467125
3753 Cruithne,FALSE,149260000,0,0,0,0,1,0,0,33,0,0,0,39x37x25,274,0,10/10/1986,24e15,NA,Primary,NA,NA,NA,NA,00046655165483049715,08397929786948949,22458600958155087e-9,1263157894736842e-11,09977414738697883,1430749641866241
3 Junon,FALSE,399480000,0,0,0,0,1,0,0,33,0,0,0,39x37x25,274,0,12/01/1804,24e15,NA,Primary,NA,NA,NA,NA,00017432036647641934,03137766596575548,22458600958155087e-9,1263157894736842e-11,2670358863603799,1997378809334081
10 Hygiea,FALSE,469345000,0,0,0,0,1,0,0,33,0,0,0,39x37x25,274,0,12/04/1849,24e15,NA,Primary,NA,NA,NA,NA,0001483716668974848,02670690004154726,22458600958155087e-9,1263157894736842e-11,3137377542901084,1446991997179365
21 Lutetia,FALSE,364277000,0,0,0,0,1,0,0,33,0,0,0,39x37x25,274,0,12/11/1852,24e15,NA,Primary,NA,NA,NA,NA,00019116633770454902,03440994078681882,22458600958155087e-9,1263157894736842e-11,2435041343138583,24020775143985547
253 Mathilde,FALSE,395900000,0,0,0,0,1,0,0,33,0,0,0,39x37x25,274,0,12/11/1885,24e15,NA,Primary,NA,NA,NA,NA,00017589669108360698,03166140439504926,22458600958155087e-9,1263157894736842e-11,2646428041706078,2033665480368013
Uranus,TRUE,2870658186,2147483647,2147483647,00457,0772,127,887,21380,25362,25559,24973,002293,NA,306854,-1724,13/03/1781,868e23,68300000000000,Primary,NA,03,0488,0296744357103154,25140715238048896e-4,004525328742848801,00013265444757661613,0045684210526315785,19189164742570096,13989301719181238e5
7 Iris,FALSE,357019000,0,0,0,0,1,0,0,33,0,0,0,39x37x25,274,0,13/08/1847,24e15,NA,Primary,NA,NA,NA,NA,00019505264425702833,0351094759662651,22458600958155087e-9,1263157894736842e-11,23865246098051585,2500736091388858
433 Eros,FALSE,218155000,0,0,0,0,1,0,0,33,0,0,0,39x37x25,274,0,13/08/1898,24e15,NA,Primary,NA,NA,NA,NA,00031921111136577205,05745800004583896,22458600958155087e-9,1263157894736842e-11,14582761036584728,66976149791580805
Vanth,FALSE,8980,0,0,0,0,1,0,0,33,0,0,0,39x37x25,274,0,13/11/2005,24e15,NA,Secondary,90482 Orcus,NA,NA,NA,7754732739420935,13958518930957682,22458600958155087e-9,1263157894736842e-11,60027592357970644e-5,3952736345553841e7
90377 Sedna,FALSE,75659770000,0,0,0,0,1,0,0,33,0,0,0,39x37x25,274,0,14/11/2003,24e15,NA,Primary,NA,NA,NA,NA,9204032737609433e-6,0001656725892769698,22458600958155087e-9,1263157894736842e-11,5057543242157925,5568272581429173
10199 Chariklo,FALSE,2380000000,0,0,0,0,1,0,0,33,0,0,0,39x37x25,274,0,15/02/1997,24e15,NA,Primary,NA,NA,NA,NA,29259453781512606e-4,005266701680672269,22458600958155087e-9,1263157894736842e-11,159093173509989,5627255137349056
87 Sylvia,FALSE,522135000,0,0,0,0,1,0,0,33,0,0,0,39x37x25,274,0,16/05/1866,24e15,NA,Primary,NA,NA,NA,NA,00013337067999655262,02400672239937947,22458600958155087e-9,1263157894736842e-11,3490256897085635,11691895051550355
(243) Ida I Dactyl,FALSE,108,0,0,0,0,1,0,0,33,0,0,0,39x37x25,274,0,17/02/1994,24e15,NA,Secondary,243 Ida,NA,NA,NA,6447916666666667,1160625,22458600958155087e-9,1263157894736842e-11,7219354092049922e-7,2732769547325103e11
90482 Orcus,FALSE,5862440000,0,0,0,0,1,0,0,33,0,0,0,39x37x25,274,0,17/02/2004,24e15,NA,Primary,NA,NA,NA,NA,11878586390649628e-4,002138145550316933,22458600958155087e-9,1263157894736842e-11,39187990929071425,9274568189825159
Pluto,TRUE,5906440628,2147483647,2147483647,02488,1716,189,062,1210,11883,11883,1195,0,NA,90465,-1532928,18/02/1930,13e21,7150000000,Primary,NA,NA,0575,3101713333747397e-5,11809655661199683e-4,002125738019015943,29121048873024323e-6,6842105263157894e-6,39482116960371954,49491537470264384
5335 Damocles,FALSE,8368303000,0,0,0,0,1,0,0,33,0,0,0,39x37x25,274,0,18/02/1991,24e15,NA,Primary,NA,NA,NA,NA,832157965599477e-5,0014978843380790587,22458600958155087e-9,1263157894736842e-11,55938650469040404,4551721974686122
Romulus,FALSE,1356,0,0,0,0,1,0,0,33,0,0,0,39x37x25,274,0,18/02/2001,24e15,NA,Secondary,87 Sylvia,NA,NA,NA,5135508849557522,9243915929203539,22458600958155087e-9,1263157894736842e-11,9064300137796013e-6,17335291200041768e8
Alexhelios,FALSE,775,0,0,0,0,1,0,0,33,0,0,0,39x37x25,274,0,18/09/2008,24e15,NA,Secondary,216 Kleopatra,NA,NA,NA,8985483870967741,16173870967741933,22458600958155087e-9,1263157894736842e-11,5180555019758046e-6,5306975900104058e9
Cleoselene,FALSE,380,0,0,0,0,1,0,0,33,0,0,0,39x37x25,274,0,18/09/2008,24e15,NA,Secondary,216 Kleopatra,NA,NA,NA,18325657894736842,32986184210526315,22458600958155087e-9,1263157894736842e-11,25401431064620094e-6,22074116343490306e9
8 Flora,FALSE,329313000,0,0,0,0,1,0,0,33,0,0,0,39x37x25,274,0,18/10/1847,24e15,NA,Primary,NA,NA,NA,NA,00021146295469659563,03806333184538721,22458600958155087e-9,1263157894736842e-11,2201321438995589,29392245728460742
2060 Chiron,FALSE,2042652000,0,0,0,0,1,0,0,33,0,0,0,39x37x25,274,0,18/10/1977,24e15,NA,Primary,NA,NA,NA,NA,3409171018851963e-4,0061365078339335334,22458600958155087e-9,1263157894736842e-11,13654285254475885,7639444027371312
5261 Eureka,FALSE,227908000,0,0,0,0,1,0,0,33,0,0,0,39x37x25,274,0,20/06/1990,24e15,NA,Primary,NA,NA,NA,NA,00030555092405707565,05499916633027362,22458600958155087e-9,1263157894736842e-11,1523470881861957,6136650369646404
588 Achilles,FALSE,776669000,0,0,0,0,1,0,0,33,0,0,0,39x37x25,274,0,22/02/1906,24e15,NA,Primary,NA,NA,NA,NA,8966174779732421e-4,016139114603518356,22458600958155087e-9,1263157894736842e-11,5191711595665112,5284191867487402
Weywot,FALSE,10000,0,0,0,0,1,0,0,33,0,0,0,39x37x25,274,0,22/02/2007,24e15,NA,Secondary,50000 Quaoar,NA,NA,NA,696375,1253475,22458600958155087e-9,1263157894736842e-11,6684587122268446e-5,31875024e15
28978 Ixion,FALSE,5910896000,0,0,0,0,1,0,0,33,0,0,0,39x37x25,274,0,22/05/2001,24e15,NA,Primary,NA,NA,NA,NA,11781208804891847e-4,0021206175848805325,22458600958155087e-9,1263157894736842e-11,3951189928266807,9123130435261053
Neptune,TRUE,4498396441,2147483647,2147483647,00113,1769,1638,1115,23560,24622,24764,24341,001708,NA,60189,1611,23/09/1846,102e24,62500000000000,Primary,NA,029,0442,027858249283654357,1602713343423615e-4,002884884018162507,00012502632704753996,005368421052631579,3006992292036681,6694590188575544e5
Shoemaker-Levy 9,FALSE,0,0,0,0,0,1,0,0,33,0,0,0,39x37x25,274,0,24/03/1993,24e15,NA,Primary,NA,NA,NA,NA,Inf,Inf,22458600958155087e-9,1263157894736842e-11,0,Inf
9 Metis,FALSE,357052000,0,0,0,0,1,0,0,33,0,0,0,39x37x25,274,0,25/04/1848,24e15,NA,Primary,NA,NA,NA,NA,00019503461680651557,0351062310251728,22458600958155087e-9,1263157894736842e-11,23867452011801933,2500273859123398
136108 Haumea,TRUE,6432011461,2147483647,2147483647,019126,2819,26,0401,809,33,0,498,06102,1960 x 1518 x 996,103774,392,28/12/2004,401e19,2400000000,Primary,NA,NA,066,9082714741329073e-6,10826706454464758e-4,0019488071618036566,22458600958155087e-9,21105263157894735e-6,42995340982483654,12873304208117888
7066 Nessus,FALSE,3689000000,0,0,0,0,1,0,0,33,0,0,0,39x37x25,274,0,26/04/1993,24e15,NA,Primary,NA,NA,NA,NA,18877066955814585e-4,003397872052046625,22458600958155087e-9,1263157894736842e-11,24659441894048296,2342249797023541
25143 Itokawa,FALSE,198049628,0,0,0,0,1,0,0,33,0,0,0,39x37x25,274,0,26/09/1998,24e15,NA,Primary,NA,NA,NA,NA,0003516164140434538,06329095452782169,22458600958155087e-9,1263157894736842e-11,13238799928988563,812647976771676
10370 Hylonome,FALSE,3779000000,0,0,0,0,1,0,0,33,0,0,0,39x37x25,274,0,27/02/1995,24e15,NA,Primary,NA,NA,NA,NA,18427494046043927e-4,003316948928287907,22458600958155087e-9,1263157894736842e-11,25261054735052458,22320130866242404
45 Eugenia,FALSE,406934000,0,0,0,0,1,0,0,33,0,0,0,39x37x25,274,0,27/06/1857,24e15,NA,Primary,NA,NA,NA,NA,00017112725896582738,03080290661384893,22458600958155087e-9,1263157894736842e-11,2720185776013188,1924875149308268
(308933) 2006 SQ372,FALSE,152000000000,0,0,0,0,1,0,0,33,0,0,0,39x37x25,274,0,27/09/2006,24e15,NA,Primary,NA,NA,NA,NA,45814144736842105e-6,8246546052631579e-4,22458600958155087e-9,1263157894736842e-11,10160572425848038,13796322714681438
2 Pallas,FALSE,414717000,0,0,0,0,1,0,0,33,0,0,0,39x37x25,274,0,28/03/1802,24e15,NA,Primary,NA,NA,NA,NA,00016791571119582752,030224828015248956,22458600958155087e-9,1263157894736842e-11,27722119175858033,1853304771830625
8405 Asbolus,FALSE,2694000000,0,0,0,0,1,0,0,33,0,0,0,39x37x25,274,0,28/03/1995,24e15,NA,Primary,NA,NA,NA,NA,25849109131403117e-4,004652839643652561,22458600958155087e-9,1263157894736842e-11,18008277707391194,4391929272837602
20000 Varuna,FALSE,6451398000,0,0,0,0,1,0,0,33,0,0,0,39x37x25,274,0,28/11/2000,24e15,NA,Primary,NA,NA,NA,NA,10794172053871115e-4,001942950969696801,22458600958155087e-9,1263157894736842e-11,4312493199142841,7658484715754245
4 Vesta,FALSE,353343000,0,0,0,0,1,0,0,33,0,0,0,39x37x25,274,0,29/03/1807,24e15,NA,Primary,NA,NA,NA,NA,00019708187228839966,03547473701191194,22458600958155087e-9,1263157894736842e-11,23619520675436996,25530395131573734
243 Ida,FALSE,428000000,0,0,0,0,1,0,0,33,0,0,0,39x37x25,274,0,29/09/1884,24e15,NA,Primary,NA,NA,NA,NA,00016270443925233645,02928679906542056,22458600958155087e-9,1263157894736842e-11,2861003288330895,17400550266398812
Comet Hyakutake,FALSE,0,0,0,0,0,1,0,0,33,0,0,0,39x37x25,274,0,30/01/1996,24e15,NA,Primary,NA,NA,NA,NA,Inf,Inf,22458600958155087e-9,1263157894736842e-11,0,Inf
951 Gaspra,FALSE,330513000,0,0,0,0,1,0,0,33,0,0,0,39x37x25,274,0,30/07/1916,24e15,NA,Primary,NA,NA,NA,NA,0002106951920196785,03792513456354213,22458600958155087e-9,1263157894736842e-11,2209342943542311,29179203180215984
15760 Albion,FALSE,6547379000,0,0,0,0,1,0,0,33,0,0,0,39x37x25,274,0,30/08/1992,24e15,NA,Primary,NA,NA,NA,NA,10635935387274816e-4,001914468369709467,22458600958155087e-9,1263157894736842e-11,4376652534801086,743559211512111
136472 Makemake,TRUE,6783345606,2147483647,2147483647,015586,2900685,14,05,800,725,745,715,005,NA,112897,0,31/03/2005,44e20,1700000000,Primary,NA,NA,081,966111538274923e-6,10276153398161385e-4,0018497076116690492,10840038685610896e-6,23157894736842105e-6,4534386468376385,12700010091486556
Halley's Comet,FALSE,2677801885,0,0,0,0,1,0,0,33,0,0,0,39x37x25,274,0,NA,24e15,NA,Primary,NA,NA,NA,NA,2600547127481016e-4,0046809848294658285,22458600958155087e-9,1263157894736842e-11,1789999999645717,4445223837254241
Jupiter,TRUE,778340821,740379835,816620000,00489,1304,13262,2479,60200,69911,71492,66854,006487,NA,4332589,9925,NA,19e26,143e13,Primary,NA,0503,0538,12473518221509611,9844697583964955e-4,017720455651136918,0010079659175537145,1,520288702879245,4165366917488384e8
Mars,TRUE,227943824,206700000,249200000,00935,185,39341,371,5030,33895,339619,33762,000589,NA,68698,246229,NA,642e21,163000000000,Primary,NA,025,017,0007784519549393163,00030697541513561694,05525557472441105,2369332957103913e-5,3378947368421053e-4,15237103505110252,1641038036160083e6
Mercury,TRUE,57909227,46001200,69816900,02056,7,54291,37,4250,24394,244053,24397,0,NA,87969,14076,NA,33e22,60830000000,Primary,NA,0088,0142,000793862161040997,0012066840401789512,2172031272322112,12272155736084756e-5,1736842105263158e-4,03870992730647202,13069461176634694e6
Saturn,TRUE,1426666422,1349823615,1503509229,00565,2485,06871,1044,36090,58232,60268,54364,009796,NA,1075922,10656,NA,568e24,827000000000000,Primary,NA,0342,0499,2752346054227439,5289071000508905e-4,00952032780091603,0006993236758857442,029894736842105263,9536675992274,37063184779754368e6
Sun,FALSE,0,0,0,0,0,1408,274,617000,696342,0,0,0,39x37x25,274,601,NA,199e28,141e16,Primary,NA,NA,NA,NA,Inf,Inf,1,10473684210526314,0,Inf
Earth,TRUE,149598262,147095000,152100000,00167,0,55136,98,11190,63710084,63781366,63568,000335,NA,365256,239345,NA,597e22,1080000000000,Primary,NA,0306,0367,008935452898655728,0004697334039883432,08455201271790177,8370881120865933e-5,0003142105263157895,1000002615678941,35429132114417433e6
Venus,TRUE,108208475,107477000,108939000,00067,339,5243,887,10360,60518,60518,60518,0,NA,224701,-58325,NA,487e22,928000000000,Primary,NA,076,0689,008570344549147359,0006491116338161128,1168400940869003,7553077710427983e-5,0002563157894736842,07233289785053071,5523898461866541e7
Kerberos,FALSE,59000,0,0,0,0,1,0,0,33,0,0,0,39x37x25,274,0,20/07/2011,24e15,NA,Secondary,Pluto,NA,NA,NA,11802966101694915,21245338983050847,22458600958155087e-9,1263157894736842e-11,3943906402138383e-4,9156858374030451e5
S/2011 J 1,FALSE,20155290,0,0,0296,1628,1,0,0,05,0,0,0,NA,5807,0,29/01/2012,24e15,NA,Secondary,Jupiter,NA,NA,NA,0034548870296582185,6218796653384794,5155785343929083e-13,1263157894736842e-11,013472979197958598,7846435658973901
S/2011 J 2,FALSE,23329710,0,0,0332,1488,1,0,0,05,0,0,0,NA,7268,0,29/01/2012,24e15,NA,Secondary,Jupiter,NA,NA,NA,00298478849501344,5372619291024192,5155785343929083e-13,1263157894736842e-11,01559494790322574,5856414938832261
Styx,FALSE,45000,0,0,0,0,1,0,0,33,0,0,0,39x37x25,274,0,11/07/2012,24e15,NA,Secondary,Pluto,NA,NA,NA,15475,27855,22458600958155087e-9,1263157894736842e-11,3008064205020801e-4,15740752592592592e5
Hippocamp,FALSE,105200,0,0,0,0,1,0,0,17,0,0,0,NA,095,0,01/07/2013,3e16,NA,Secondary,Neptune,NA,NA,NA,6619382129277566,1191488783269962,596008785758202e-10,15789473684210526e-11,7032185652626405e-4,3600220113056427e5
S/2015 (136472) 1,FALSE,21100,0,0,0,0,1,0,0,33,0,0,0,39x37x25,274,0,26/04/2016,24e15,NA,Secondary,136472 Makemake,NA,NA,NA,3300355450236967,594063981042654,22458600958155087e-9,1263157894736842e-11,1410447882798642e-4,7159548078434896e6
S/2017 J 1,FALSE,23587000,0,0,0397,1492,1,0,0,2,0,0,0,NA,7342,0,06/06/2017,24e15,NA,Secondary,Jupiter,NA,NA,NA,002952236401407555,5314025522533599,8249256550286532e-12,1263157894736842e-11,015766935645294583,5729346737465006
S/2016 J 1,FALSE,20651000,0,0,0141,1398,1,0,0,05,0,0,0,NA,6027,0,06/06/2017,24e15,NA,Secondary,Jupiter,NA,NA,NA,0033719553532516586,6069519635852985,5155785343929083e-13,1263157894736842e-11,013804340866196568,7474262510735348
Valetudo,FALSE,18980000,0,0,0222,34,1,0,0,05,0,0,0,NA,533,0,17/07/2018,24e15,NA,Secondary,Jupiter,NA,NA,NA,003668822444678609,6603880400421497,5155785343929083e-13,1263157894736842e-11,01268734635806551,8848264658822276
S/2017 J 2,FALSE,23303000,0,0,0236,1664,1,0,0,1,0,0,0,NA,723,0,17/07/2018,24e15,NA,Secondary,Jupiter,NA,NA,NA,00298821181822083,5378781272797494,2062314137571633e-12,1263157894736842e-11,01557709337102216,5869847929471585
S/2017 J 3,FALSE,20694000,0,0,0148,1479,1,0,0,1,0,0,0,NA,606,0,17/07/2018,24e15,NA,Secondary,Jupiter,NA,NA,NA,003364951193582681,6056912148448826,2062314137571633e-12,1263157894736842e-11,013833084590822323,7443233287106161
Pandia,FALSE,11525000,0,0,018,282,1,0,0,15,0,0,0,NA,252,0,17/07/2018,24e15,NA,Secondary,Jupiter,NA,NA,NA,0060420260303687634,10875646854663774,46402068095361746e-12,1263157894736842e-11,007703986658414384,23997646538459732
S/2017 J 5,FALSE,23232000,0,0,0284,1643,1,0,0,1,0,0,0,NA,719,0,17/07/2018,24e15,NA,Secondary,Jupiter,NA,NA,NA,0029973441804407714,5395219524793388,2062314137571633e-12,1263157894736842e-11,015529632802454055,5905780783985612
S/2017 J 6,FALSE,22455000,0,0,0557,1552,1,0,0,1,0,0,0,NA,683,0,17/07/2018,24e15,NA,Secondary,Jupiter,NA,NA,NA,0031010598975729237,5581907815631263,2062314137571633e-12,1263157894736842e-11,015010240383053797,6321561998784179
S/2017 J 7,FALSE,20627000,0,0,0215,1434,1,0,0,1,0,0,0,NA,603,0,17/07/2018,24e15,NA,Secondary,Jupiter,NA,NA,NA,003375881126678625,6076586028021525,2062314137571633e-12,1263157894736842e-11,013788297857103124,7491665590002511
S/2017 J 8,FALSE,23233000,0,0,0312,1647,1,0,0,05,0,0,0,NA,720,0,17/07/2018,24e15,NA,Secondary,Jupiter,NA,NA,NA,0029972130159686652,5394983428743598,5155785343929083e-13,1263157894736842e-11,01553030126116628,5905272399043071
S/2017 J 9,FALSE,21487000,0,0,0229,1527,1,0,0,15,0,0,0,NA,639,0,17/07/2018,24e15,NA,Secondary,Jupiter,NA,NA,NA,00324076650998278,5833379717969004,46402068095361746e-12,1263157894736842e-11,01436317234961821,6903970909610359
Ersa,FALSE,11483000,0,0,0094,306,1,0,0,15,0,0,0,NA,252,0,17/07/2018,24e15,NA,Secondary,Jupiter,NA,NA,NA,006064125228598798,10915425411477838,46402068095361746e-12,1263157894736842e-11,007675911392500856,24173514237590044
Ultima Thule,FALSE,6633400000,0,0,0,0,1,0,0,33,0,0,0,39x37x25,274,0,26/06/2014,24e15,NA,Primary,NA,NA,NA,NA,1049801007025055e-4,001889641812645099,22458600958155087e-9,1263157894736842e-11,4434154021685551,7243995094844284
101955 Bennu,FALSE,168400000,0,0,0,0,1,0,0,33,0,0,0,39x37x25,274,0,11/09/1999,24e15,NA,Primary,NA,NA,NA,NA,0004135243467933492,07443438242280285,22458600958155087e-9,1263157894736842e-11,11256844713900063,11240000902725669
